seq_id,tm
31390,-0.22639304
31391,2.1333637
31392,2.5729778
31393,-1.0524614
31394,-0.10069722
31395,2.4434004
31396,1.8059633
31397,-1.07487
31398,-1.2624885
31399,3.2411559
31400,1.8338915
31401,2.4749522
31402,2.7110713
31403,-0.572039
31404,0.81802094
31405,-1.6695502
31406,-2.5014565
31407,-0.10183796
31408,-1.140852
31409,2.4412065
31410,-0.7351421
31411,3.5383084
31412,-0.5977926
31413,-0.0589194
31414,-0.0343363
31415,-1.0577341
31416,-1.0992944
31417,-0.9054084
31418,-1.2889719
31419,-0.45334756
31420,-2.1003244
31421,-0.26110175
31422,2.4989889
31423,2.850312
31424,-1.1018043
31425,2.4674542
31426,2.3094437
31427,2.0080686
31428,-1.2680835
31429,-0.876302
31430,-0.7569649
31431,-0.87914574
31432,-0.9927871
31433,-0.20168063
31434,-0.0446153
31435,0.91073394
31436,3.4425356
31437,-1.2091731
31438,-1.45215
31439,-1.3849722
31440,-1.4243844
31441,-0.90604496
31442,-1.5174521
31443,2.0515993
31444,-0.6180234
31445,1.8118204
31446,-1.324601
31447,2.3490372
31448,-0.95445836
31449,-0.6624497
31450,1.5857636
31451,-0.82973087
31452,1.3567356
31453,2.488335
31454,-0.41695243
31455,1.162996
31456,-0.97281075
31457,2.0963988
31458,0.60081184
31459,1.817458
31460,0.85497546
31461,-1.0947964
31462,1.698622
31463,-0.7249373
31464,-1.409371
31465,-1.3858142
31466,-1.0391703
31467,-1.7788403
31468,-1.4367962
31469,1.875309
31470,1.1603812
31471,-0.64208126
31472,-1.0240458
31473,1.085396
31474,1.7282646
31475,0.51527417
31476,1.7539085
31477,-0.5632005
31478,0.23444524
31479,-1.6569164
31480,1.5654511
31481,0.9845716
31482,1.9539995
31483,0.8490114
31484,-0.6137036
31485,0.89900076
31486,-0.6329895
31487,1.4785479
31488,1.9538124
31489,-0.3612254
31490,3.1727817
31491,3.19296
31492,1.9153662
31493,-1.4802883
31494,-1.1802982
31495,2.4730356
31496,1.6389939
31497,-0.89142895
31498,1.4020214
31499,-1.2620713
31500,-2.1252801
31501,-0.20449603
31502,0.6206565
31503,2.589618
31504,-0.33423015
31505,-1.158362
31506,-0.69872105
31507,-0.6212995
31508,1.4147471
31509,2.8517249
31510,2.2498114
31511,5.8480015
31512,2.9238389
31513,-0.52179563
31514,2.3876164
31515,-1.6018288
31516,-0.45218718
31517,2.4157784
31518,-0.41856208
31519,0.870594
31520,2.0377324
31521,-1.059176
31522,-0.33468235
31523,1.1441158
31524,1.2205148
31525,-0.24121255
31526,-0.5720638
31527,-0.30862248
31528,-0.9716462
31529,-0.5908444
31530,-0.65119934
31531,-0.9555603
31532,0.7036718
31533,0.8289341
31534,-0.835986
31535,1.1024703
31536,2.4013777
31537,-0.36057213
31538,2.4718368
31539,-0.8762766
31540,2.365746
31541,-1.186621
31542,1.5224988
31543,3.1952775
31544,-0.34315264
31545,-0.72802997
31546,0.18896213
31547,-2.8915217
31548,2.8516767
31549,-0.11859724
31550,1.3571839
31551,-0.4028245
31552,-0.88840973
31553,1.283416
31554,2.476411
31555,-1.9971256
31556,-1.2173645
31557,2.9192953
31558,1.3430625
31559,0.43756273
31560,-0.1997593
31561,-1.2846146
31562,1.4857754
31563,0.8897433
31564,-1.071373
31565,-0.5023489
31566,-1.4999549
31567,-0.41776052
31568,2.3666012
31569,2.464801
31570,-1.4799294
31571,-0.7283006
31572,0.5968015
31573,-1.6698254
31574,0.14139292
31575,-0.6976876
31576,-0.034596264
31577,-0.9222852
31578,1.0769887
31579,-0.118593305
31580,-1.2678431
31581,-1.0602307
31582,-0.09830201
31583,-0.64739
31584,-0.57078075
31585,2.5548737
31586,-0.6036018
31587,-0.10897601
31588,-0.6521236
31589,0.87605906
31590,-2.5107586
31591,-0.79261875
31592,-1.1987725
31593,2.3996427
31594,1.7742736
31595,-0.37151152
31596,-1.2335138
31597,-0.5494212
31598,2.312641
31599,1.2449012
31600,1.0276656
31601,1.6207182
31602,1.9350702
31603,-0.48621628
31604,-0.6872231
31605,-0.5913905
31606,-1.029064
31607,1.911168
31608,3.161146
31609,-0.4771427
31610,2.2703001
31611,-0.18685098
31612,-0.879627
31613,2.0166442
31614,1.8887239
31615,3.1077678
31616,-1.116551
31617,2.6313977
31618,2.5438664
31619,1.1557634
31620,1.8225157
31621,1.2074263
31622,-0.99342406
31623,-1.45065
31624,-0.63532495
31625,1.9565827
31626,1.5791588
31627,4.5021906
31628,0.57889354
31629,2.5947583
31630,2.0902455
31631,-0.39347744
31632,0.6415614
31633,2.7292433
31634,4.753413
31635,2.6046445
31636,-1.0795581
31637,2.3074408
31638,-0.6452228
31639,-0.4761349
31640,-0.68811655
31641,1.8206306
31642,1.8827794
31643,1.406773
31644,0.54205775
31645,-1.030748
31646,1.4860746
31647,1.0077556
31648,1.653743
31649,2.3084722
31650,2.5907094
31651,-0.031481713
31652,3.6872191
31653,2.1747496
31654,1.9749002
31655,0.81721437
31656,2.3285587
31657,3.474342
31658,3.0251586
31659,1.5355649
31660,-0.8510288
31661,2.6450157
31662,0.2361255
31663,-1.2009193
31664,-0.43426523
31665,2.0583835
31666,1.6727296
31667,0.0012018979
31668,-1.4953853
31669,-0.5326445
31670,-0.7160952
31671,-0.73097587
31672,2.9100273
31673,1.9509761
31674,-2.1925988
31675,-1.01926
31676,1.5837679
31677,-1.0491002
31678,-1.1505572
31679,2.5058422
31680,-0.33564633
31681,3.2949426
31682,-1.0784343
31683,0.66138554
31684,-1.0637443
31685,-1.0512273
31686,0.78066254
31687,-1.2138628
31688,3.0062013
31689,-0.7443744
31690,-0.715274
31691,2.1143355
31692,-0.7632315
31693,0.38789222
31694,-0.009454906
31695,-1.3069826
31696,1.4574853
31697,1.4580983
31698,-1.2426082
31699,-0.246508
31700,-1.0855471
31701,0.803493
31702,2.0985768
31703,-0.6973982
31704,-1.172241
31705,1.6489469
31706,-1.1274092
31707,1.7113618
31708,-0.5017729
31709,4.9886174
31710,-0.29202637
31711,-1.0628068
31712,-1.25106
31713,-0.48544133
31714,-1.0227171
31715,4.0442324
31716,-0.3442175
31717,2.2453427
31718,2.2293591
31719,-1.8098178
31720,1.5850717
31721,2.6114225
31722,-0.085975975
31723,2.4394753
31724,1.0085691
31725,0.9976609
31726,-1.0013639
31727,-0.634166
31728,-1.8617291
31729,0.0573124
31730,-0.7081815
31731,-0.9611634
31732,1.681389
31733,-0.7662115
31734,0.53602946
31735,-0.34889933
31736,1.5149993
31737,-0.8772011
31738,1.3788096
31739,2.4193323
31740,2.018366
31741,-1.1827916
31742,-1.0705801
31743,2.4759228
31744,1.6586576
31745,-0.7197089
31746,-1.394547
31747,-0.7758173
31748,-0.87180793
31749,2.7264209
31750,0.4817157
31751,-0.0997847
31752,-0.7388575
31753,-1.408932
31754,1.4420615
31755,-0.5778675
31756,1.5128661
31757,4.3526692
31758,1.0851657
31759,1.9581757
31760,2.9078076
31761,-0.7248663
31762,0.66536474
31763,-0.7351799
31764,2.3484323
31765,-1.4079952
31766,1.7599657
31767,2.135216
31768,-1.4401915
31769,-2.2482948
31770,-1.1213443
31771,-0.7566458
31772,1.3442883
31773,-1.0042138
31774,-1.0089333
31775,-1.1777649
31776,1.3732257
31777,1.2724218
31778,-0.44782695
31779,2.4072545
31780,-0.4032359
31781,2.04421
31782,-1.2118584
31783,2.7672648
31784,-0.27685687
31785,0.46814469
31786,2.7341654
31787,-1.1807241
31788,-0.4715116
31789,3.1033094
31790,1.7997594
31791,1.5689954
31792,2.099079
31793,1.0093092
31794,-1.503353
31795,-0.6808783
31796,-0.9178803
31797,1.0922076
31798,-0.62130785
31799,-1.2129476
31800,-0.8194705
31801,-0.7070681
31802,-0.69248617
31803,-1.541877
31804,1.36749
31805,-0.8932228
31806,1.4338411
31807,2.4357088
31808,-0.28332928
31809,-0.27486143
31810,-1.2164361
31811,-0.90898263
31812,0.42953378
31813,1.5016228
31814,1.175313
31815,1.735763
31816,2.0949795
31817,0.61856997
31818,-1.1124408
31819,0.795467
31820,1.6386638
31821,-0.42625523
31822,1.1564568
31823,-1.2355835
31824,1.6725849
31825,0.71703625
31826,-1.5609841
31827,0.97488546
31828,-0.44335878
31829,2.6972768
31830,5.858061
31831,1.2557582
31832,-1.2492918
31833,3.394538
31834,0.23769397
31835,1.3756874
31836,0.58756614
31837,2.7787626
31838,-0.029126614
31839,-0.07185659
31840,-0.7165611
31841,2.160464
31842,2.6195047
31843,-1.1856381
31844,1.3558085
31845,-0.19729301
31846,1.4337
31847,2.361124
31848,-1.0226349
31849,0.59336674
31850,-0.63203
31851,-1.0072457
31852,1.0580176
31853,4.741535
31854,-0.8933439
31855,1.0739164
31856,-0.96875656
31857,-0.6527829
31858,1.208923
31859,-1.2089771
31860,-0.34169814
31861,1.6351825
31862,2.2722993
31863,1.6555072
31864,2.5388246
31865,1.4338828
31866,-0.8704374
31867,1.8953545
31868,2.978041
31869,1.9497459
31870,4.779223
31871,1.0661196
31872,1.6286948
31873,-0.80997384
31874,2.450155
31875,-0.46912548
31876,1.5536973
31877,0.97516453
31878,2.8577855
31879,-1.4941697
31880,0.9824345
31881,-1.3558192
31882,-0.7927953
31883,-0.9644915
31884,-0.04358986
31885,-0.2922638
31886,-0.67267895
31887,-0.45928246
31888,2.5064044
31889,-1.5951464
31890,-0.3006933
31891,-0.87401843
31892,0.1811718
31893,2.755029
31894,1.4288958
31895,1.4087853
31896,-1.2892734
31897,-0.2616507
31898,-1.1088649
31899,1.8563968
31900,-0.5980314
31901,-0.82003963
31902,4.469171
31903,-1.373988
31904,2.8962157
31905,2.1631644
31906,1.9633536
31907,-0.9376383
31908,1.0788081
31909,-1.6436756
31910,-0.627758
31911,-0.3799064
31912,-1.0008618
31913,1.5161082
31914,-0.62494445
31915,2.0084631
31916,1.5018924
31917,-1.2153238
31918,-1.2318175
31919,2.0652363
31920,2.7537167
31921,-0.29996884
31922,0.25165454
31923,1.6504548
31924,-1.2388185
31925,0.8320166
31926,-0.8673425
31927,2.085316
31928,-1.1850177
31929,-0.71940064
31930,2.0915656
31931,2.2817938
31932,2.1601946
31933,-1.5539415
31934,0.95253754
31935,1.3860136
31936,-0.29642674
31937,-0.850031
31938,2.381076
31939,-0.952546
31940,3.193754
31941,-1.0429178
31942,-0.7291856
31943,-0.13706487
31944,0.5592282
31945,-0.5948007
31946,2.5215828
31947,2.145285
31948,-0.75580275
31949,-0.9310049
31950,-0.7206818
31951,-1.5594087
31952,-1.0238888
31953,1.4140886
31954,3.0903397
31955,1.9582405
31956,1.5440071
31957,-0.24031004
31958,-1.2918733
31959,2.6528199
31960,1.3179915
31961,-0.8665252
31962,-0.13997793
31963,0.9290036
31964,1.9531378
31965,2.6916394
31966,-0.1845147
31967,-1.0763254
31968,1.3390151
31969,0.8543788
31970,-0.7602073
31971,-2.0062087
31972,1.7922587
31973,1.6505227
31974,1.1414618
31975,-1.3068478
31976,-2.5367587
31977,1.1107737
31978,1.0293558
31979,1.2992153
31980,-0.89531195
31981,1.2870219
31982,-1.1714274
31983,-0.6719053
31984,-0.9174273
31985,-0.47452518
31986,2.4619708
31987,0.6079931
31988,-1.0951501
31989,2.5408628
31990,-0.8037139
31991,0.01742521
31992,-0.25530717
31993,1.0622611
31994,2.551254
31995,0.04092136
31996,-0.42617738
31997,-1.0115243
31998,-0.8813709
31999,-1.2404567
32000,2.3967984
32001,1.9999864
32002,-0.89112973
32003,-0.7702284
32004,-1.1178207
32005,2.3079574
32006,0.9407878
32007,-1.2972239
32008,-0.69095135
32009,-1.7557119
32010,2.216027
32011,2.5813894
32012,-0.70689344
32013,-0.30663845
32014,2.1118844
32015,-0.42360732
32016,-3.492818
32017,1.9936945
32018,-1.485536
32019,-0.4720547
32020,0.8623451
32021,-1.434105
32022,-1.5825344
32023,-0.62008405
32024,-0.21778616
32025,-0.96532714
32026,-0.118593276
32027,-0.78252494
32028,2.1649563
32029,-1.2817981
32030,-0.41333768
32031,-1.070761
32032,-0.42542863
32033,1.3779305
32034,-1.1192342
32035,0.7878846
32036,-0.91198766
32037,0.84987915
32038,-0.8753207
32039,-1.6144205
32040,-0.9827845
32041,-1.0228623
32042,-0.83137155
32043,2.2266357
32044,2.1598241
32045,-0.7699796
32046,1.2829633
32047,1.2051306
32048,0.3243246
32049,1.526161
32050,-1.0075154
32051,-0.33780742
32052,0.8334061
32053,-1.3343873
32054,-0.73657835
32055,1.0155162
32056,-0.8075659
32057,2.420855
32058,-1.4576356
32059,-1.1137936
32060,2.513094
32061,2.8054826
32062,0.56349254
32063,-0.9740217
32064,-1.1574266
32065,2.5964072
32066,-1.1172389
32067,0.70107555
32068,1.5988433
32069,2.4682896
32070,1.8338584
32071,-0.32833418
32072,-1.1660517
32073,-0.7104666
32074,2.6798003
32075,2.296495
32076,-1.1271467
32077,-1.1826909
32078,-0.9046422
32079,-1.3826203
32080,-0.97219
32081,0.839926
32082,-0.52449656
32083,2.4340847
32084,-0.90099907
32085,2.11114
32086,3.0068898
32087,-0.85749936
32088,-0.93548274
32089,-0.3543421
32090,-1.274839
32091,-1.1530738
32092,1.4845142
32093,-1.0014362
32094,-1.2581588
32095,-0.43004286
32096,-1.0212573
32097,-0.5122405
32098,3.254871
32099,-1.4454026
32100,2.8630183
32101,2.3032088
32102,-1.8191077
32103,-0.63329744
32104,2.4486792
32105,2.5216956
32106,2.5672824
32107,1.5294583
32108,-0.77830005
32109,1.7995721
32110,-1.2471089
32111,-1.2184999
32112,1.7633631
32113,-1.3434931
32114,1.8550102
32115,-1.3017973
32116,1.9510779
32117,-1.1387055
32118,-0.21217653
32119,-0.7388761
32120,-1.4698489
32121,-0.63401103
32122,1.3375992
32123,-0.90503156
32124,2.3812222
32125,2.623369
32126,1.4898475
32127,2.528018
32128,1.8938838
32129,-0.37236118
32130,-0.26099873
32131,-0.26339644
32132,2.556848
32133,-0.056474656
32134,-1.1072154
32135,-1.2616135
32136,-1.9337156
32137,1.5580152
32138,-1.1052682
32139,1.5354409
32140,-0.28851923
32141,-0.5261976
32142,-0.6022965
32143,1.861054
32144,-0.83194435
32145,-1.3707633
32146,2.1534603
32147,-1.2944218
32148,-0.70146
32149,1.7965536
32150,-2.5032368
32151,-0.57688427
32152,-0.4720378
32153,0.23371711
32154,0.77660847
32155,-1.3826804
32156,1.604475
32157,2.6422813
32158,1.6343756
32159,1.7976141
32160,2.9111128
32161,0.21016848
32162,-1.2781941
32163,-1.119731
32164,1.4118924
32165,1.1735243
32166,1.8715346
32167,-1.8913642
32168,0.85725033
32169,-1.1159139
32170,-0.9694307
32171,1.2506194
32172,2.1090715
32173,3.3319428
32174,-0.71716356
32175,2.157428
32176,-0.13280827
32177,-0.68586075
32178,2.0018713
32179,-0.92470706
32180,-1.2321388
32181,-0.37581298
32182,2.2800028
32183,1.9254673
32184,-0.53769076
32185,-0.896742
32186,-0.1002723
32187,2.0220926
32188,0.44324523
32189,-0.61863196
32190,-0.030654892
32191,0.45234627
32192,-1.374931
32193,1.7183008
32194,1.428288
32195,-1.789799
32196,-0.6554091
32197,0.97097766
32198,-1.0309391
32199,2.831103
32200,2.563945
32201,-0.48673168
32202,2.574341
32203,-0.88540816
32204,2.262009
32205,-1.0415488
32206,-1.1039487
32207,-0.88591254
32208,-1.209611
32209,-1.5011624
32210,1.4445262
32211,-0.997077
32212,-1.2917964
32213,-0.8477
32214,2.1788802
32215,0.6312213
32216,-1.129675
32217,-0.770013
32218,-0.3749284
32219,-1.1587424
32220,1.4714686
32221,0.8714855
32222,2.9246676
32223,-1.8897117
32224,-1.2887876
32225,-0.31095454
32226,-0.8417479
32227,3.4918516
32228,1.5305216
32229,-1.0873044
32230,2.6189706
32231,1.9953296
32232,1.1817759
32233,2.9626582
32234,-0.76749945
32235,1.4176085
32236,0.28757757
32237,2.6280143
32238,-1.043788
32239,3.219422
32240,-1.1399349
32241,1.3472406
32242,1.9105955
32243,1.4645547
32244,2.5567372
32245,-0.5672189
32246,1.1939496
32247,2.7382443
32248,1.2025588
32249,-1.2234985
32250,1.0783906
32251,0.2163001
32252,3.1510615
32253,2.4362671
32254,1.1554508
32255,-1.2134131
32256,1.2707539
32257,-0.29644006
32258,-1.2398348
32259,-1.2435273
32260,-1.0745989
32261,-0.94228303
32262,4.3379064
32263,-0.50163484
32264,-1.0270212
32265,-0.5231031
32266,-0.82644725
32267,-1.0098556
32268,-1.0740145
32269,-1.2101753
32270,-1.4388872
32271,2.0197437
32272,0.7718929
32273,-1.268439
32274,1.5091095
32275,0.66110265
32276,-1.1716582
32277,1.224083
32278,2.8347747
32279,-1.256764
32280,2.4115918
32281,0.20945376
32282,-1.1724991
32283,0.034407765
32284,1.8953568
32285,3.4783304
32286,-1.4490525
32287,3.372011
32288,-0.3347443
32289,2.4725606
32290,2.4251454
32291,3.1998436
32292,-1.4729086
32293,2.1837776
32294,0.63531697
32295,0.9125941
32296,-2.2062824
32297,2.1752086
32298,2.6641054
32299,-0.90286875
32300,-0.66024685
32301,0.85478175
32302,1.1994671
32303,-4.6828437
32304,1.5755428
32305,-1.438815
32306,3.066436
32307,2.6163232
32308,-1.5422343
32309,-0.2975411
32310,1.6040806
32311,2.0541809
32312,-3.2170553
32313,-0.62726986
32314,-0.65817916
32315,0.8613888
32316,2.8664935
32317,1.0570972
32318,1.9753599
32319,-0.32320425
32320,1.6675525
32321,-0.72078335
32322,-0.4258427
32323,0.781778
32324,1.1028192
32325,-0.328809
32326,0.7908094
32327,-0.0857988
32328,1.8568804
32329,2.8258033
32330,0.9377439
32331,-1.5356944
32332,-0.20970833
32333,-0.34159648
32334,-1.0413085
32335,1.4140708
32336,2.3406556
32337,-1.585058
32338,2.277014
32339,-1.0039301
32340,3.263985
32341,-0.7193413
32342,-1.5620776
32343,4.795556
32344,1.1905395
32345,2.784828
32346,1.2834499
32347,1.4886398
32348,2.34491
32349,2.9891722
32350,0.085394025
32351,-0.6311623
32352,2.4194014
32353,-1.1557561
32354,-0.9246737
32355,-0.5250056
32356,3.79227
32357,-0.29927766
32358,-0.99949896
32359,2.6690912
32360,1.5661141
32361,2.9583974
32362,-1.2057581
32363,2.439989
32364,-1.0742123
32365,1.7263843
32366,2.0743768
32367,-0.3985958
32368,1.5696658
32369,-0.58837223
32370,3.0602586
32371,1.0418512
32372,1.9333072
32373,1.9020653
32374,0.39386344
32375,-0.83175504
32376,1.542041
32377,0.8792877
32378,-0.118614584
32379,-0.7361537
32380,1.1222992
32381,-0.118593305
32382,-1.1779827
32383,2.3575175
32384,2.9067576
32385,-0.56661594
32386,2.303049
32387,2.1920226
32388,3.498444
32389,2.3854487
32390,-0.910377
32391,-1.4322023
32392,-1.285122
32393,-0.9321492
32394,1.6964877
32395,-1.172982
32396,2.8534398
32397,-0.05492401
32398,2.9735782
32399,2.5511408
32400,1.9045788
32401,1.1235114
32402,-0.27034277
32403,1.2948092
32404,-0.83236265
32405,-1.3113303
32406,-0.7178832
32407,2.177592
32408,2.175575
32409,-0.118593246
32410,-0.9462383
32411,2.8282135
32412,-1.0982857
32413,1.7449678
32414,1.0319448
32415,-0.44523284
32416,-0.17192203
32417,-0.66787446
32418,1.11834
32419,-1.1860703
32420,-1.0021663
32421,0.8434522
32422,-0.68121564
32423,2.4640872
32424,-1.3184141
32425,-0.18512893
32426,-1.2789764
32427,1.8639741
32428,1.204899
32429,0.1177223
32430,-0.8444346
32431,0.14906123
32432,-0.64323175
32433,-1.1681147
32434,-0.7663785
32435,3.3995583
32436,-0.52908814
32437,1.4226441
32438,2.2286127
32439,-1.3760216
32440,1.8346144
32441,-0.6141319
32442,0.7520802
32443,-0.28679326
32444,-0.53016424
32445,1.4609528
32446,-0.32634094
32447,-0.7408689
32448,0.88728523
32449,1.6075535
32450,3.2919424
32451,1.5428349
32452,1.6721166
32453,0.959059
32454,3.4182494
32455,-0.9869112
32456,-0.3571148
32457,-1.195984
32458,-1.018443
32459,1.3826684
32460,-0.24964046
32461,1.5354164
32462,-1.4071335
32463,-1.4623026
32464,0.41021994
32465,-0.7354809
32466,2.0173676
32467,2.2250996
32468,-0.6447201
32469,3.1261995
32470,1.8637521
32471,-1.0642834
32472,2.805867
32473,3.7208989
32474,-0.75989234
32475,1.0755107
32476,1.4109062
32477,1.143736
32478,-0.5221635
32479,-1.0425944
32480,2.296206
32481,-0.13254923
32482,0.8248342
32483,1.8879033
32484,1.1921067
32485,1.450203
32486,-0.67885005
32487,0.62283885
32488,2.1435304
32489,2.7697906
32490,-0.3353843
32491,0.5135952
32492,1.0810922
32493,-0.19939968
32494,-0.72322226
32495,0.40320858
32496,0.3313307
32497,2.678994
32498,-1.2635558
32499,0.99153817
32500,2.1250703
32501,1.6269068
32502,2.925557
32503,-0.34942964
32504,1.9375005
32505,-0.65725255
32506,2.418607
32507,-0.471001
32508,0.62450874
32509,-1.429106
32510,-1.4488206
32511,-1.1324289
32512,2.922483
32513,-0.5073511
32514,1.74705
32515,-0.9210583
32516,1.9828818
32517,-1.171928
32518,-1.5265015
32519,2.4476423
32520,-1.0749431
32521,-1.0043521
32522,-1.1092348
32523,0.91227627
32524,2.3440788
32525,-0.79023874
32526,-0.9298905
32527,0.87375546
32528,-0.94671404
32529,-0.101201475
32530,-0.13190177
32531,2.6021178
32532,1.7139487
32533,-1.1799091
32534,-0.8045151
32535,2.6640027
32536,1.4992983
32537,-1.0992934
32538,1.4398074
32539,1.9768767
32540,1.1440914
32541,-0.982069
32542,-1.0370156
32543,-1.2706192
32544,-1.019868
32545,-0.64539564
32546,-1.2983012
32547,0.04976216
32548,-0.7895515
32549,-0.8255497
32550,2.8468008
32551,1.1999338
32552,1.8435413
32553,1.6429188
32554,-0.91078985
32555,-1.3571355
32556,2.2110765
32557,-1.1928741
32558,1.7844716
32559,-1.1540989
32560,3.2314448
32561,-1.7815754
32562,2.7865274
32563,-1.0343246
32564,-0.42822158
32565,0.13693726
32566,-1.2016337
32567,-0.9732077
32568,1.234825
32569,0.633718
32570,-1.3744586
32571,1.1057208
32572,1.8228376
32573,-1.0640361
32574,0.63750994
32575,2.593272
32576,1.2136428
32577,-0.11138576
32578,-0.6594565
32579,-0.68582
32580,-0.6287465
32581,-0.7269349
32582,1.6280994
32583,-0.6051012
32584,-0.2210004
32585,1.3219041
32586,1.791037
32587,0.92891216
32588,0.784464
32589,-0.025600404
32590,-0.6362244
32591,2.9941323
32592,-0.5998167
32593,0.6412153
32594,1.3984094
32595,-2.7277
32596,-0.61650765
32597,1.8512071
32598,2.773517
32599,2.2706547
32600,-1.2626992
32601,-2.0960865
32602,1.6897359
32603,2.452593
32604,-1.1059669
32605,1.6562982
32606,1.7550453
32607,-0.7322484
32608,2.3459122
32609,-0.46187338
32610,-0.91012263
32611,2.5260966
32612,1.8795168
32613,-0.6918839
32614,2.3271563
32615,-0.98528063
32616,3.3638706
32617,2.3117383
32618,2.9813907
32619,0.24419847
32620,2.9885125
32621,-0.6724496
32622,-1.0006778
32623,-0.6214844
32624,-0.9643127
32625,1.1703036
32626,-0.118587255
32627,2.502437
32628,1.4992493
32629,0.8476975
32630,-0.071480125
32631,2.6379893
32632,2.6154926
32633,2.884396
32634,0.48728362
32635,1.2074792
32636,1.0499591
32637,2.412011
32638,2.001872
32639,3.518544
32640,-1.1658698
32641,-1.996628
32642,-0.9165225
32643,-0.93191934
32644,-1.2176149
32645,-0.34332538
32646,2.4112425
32647,1.1795442
32648,-0.46834677
32649,-0.93446195
32650,-0.8438115
32651,-1.1241722
32652,2.3449965
32653,3.5672987
32654,2.5638747
32655,2.414653
32656,-0.2898489
32657,3.449702
32658,1.6162924
32659,-0.8282974
32660,2.0258873
32661,0.1159783
32662,2.321779
32663,2.612417
32664,1.4347724
32665,1.5838656
32666,2.7727456
32667,0.91585827
32668,-0.31524262
32669,-1.5773293
32670,0.75809777
32671,-0.68887806
32672,-0.9864378
32673,-0.9879743
32674,-2.116092
32675,3.8674874
32676,1.75205
32677,2.827296
32678,2.3387773
32679,2.420365
32680,1.4710854
32681,-1.0114466
32682,-1.164121
32683,-0.4790706
32684,0.98382664
32685,-0.043339342
32686,0.8078191
32687,-0.996336
32688,-1.0889726
32689,-0.5308738
32690,1.2253871
32691,0.6967243
32692,0.81764054
32693,2.4672277
32694,-0.9239007
32695,1.6464481
32696,-0.8542417
32697,3.1957834
32698,-0.5041523
32699,-0.37151614
32700,0.11062983
32701,-0.6395817
32702,-0.5100136
32703,1.868756
32704,-0.25466523
32705,2.127419
32706,-1.1026561
32707,0.40580556
32708,1.3730962
32709,0.42860058
32710,2.8775551
32711,3.120365
32712,-1.1635947
32713,3.559893
32714,-0.7939812
32715,1.0227891
32716,-1.067626
32717,1.6959274
32718,-1.1419883
32719,2.4410574
32720,-0.7182653
32721,-0.94588745
32722,2.2749686
32723,-0.88767016
32724,0.007844746
32725,0.86507475
32726,-1.2050015
32727,-0.30291823
32728,-0.98300517
32729,-0.7727386
32730,1.4536952
32731,-0.27048132
32732,1.4904811
32733,1.5294743
32734,1.4312797
32735,-1.0683337
32736,1.9413973
32737,-0.57327855
32738,3.2443094
32739,0.92949665
32740,2.3218746
32741,-1.6158087
32742,0.8723607
32743,-1.3740968
32744,1.4513276
32745,-0.2482005
32746,-1.9936001
32747,1.4252241
32748,1.1575603
32749,-0.6652813
32750,-0.9824393
32751,1.4945048
32752,1.7079439
32753,-0.9694047
32754,-0.7625431
32755,-1.0437808
32756,-0.5729263
32757,3.224169
32758,0.09179619
32759,-0.96227086
32760,2.0205255
32761,-0.77845645
32762,-0.25209674
32763,1.863887
32764,2.2625458
32765,4.6866207
32766,0.9375391
32767,-0.24586159
32768,0.26654223
32769,-1.9118924
32770,1.2342211
32771,-1.0778811
32772,-0.9448849
32773,-0.903214
32774,1.8465111
32775,0.501359
32776,2.1674435
32777,0.7967539
32778,1.8891476
32779,-0.81441915
32780,-1.1867051
32781,1.6820605
32782,0.079687744
32783,-0.1887573
32784,-1.8314233
32785,-0.03317982
32786,1.3710363
32787,-0.06396413
32788,-0.8714056
32789,1.4117033
32790,2.3864143
32791,0.54314625
32792,1.5487328
32793,1.584277
32794,2.2620595
32795,2.1654687
32796,-1.22935
32797,3.237476
32798,2.119333
32799,-0.8775915
32800,-2.565898
32801,-1.338392
32802,1.9268656
32803,-1.5351906
32804,-1.3307593
32805,2.2020695
32806,2.623572
32807,2.1917665
32808,2.6779058
32809,-1.2362521
32810,-0.6088563
32811,-0.7329984
32812,0.015335232
32813,2.038128
32814,-0.040063947
32815,-1.0635169
32816,-1.2530806
32817,-0.6109023
32818,0.8373319
32819,0.77898717
32820,0.10260522
32821,-0.9322361
32822,0.98776627
32823,-0.88510585
32824,1.647386
32825,-0.71129465
32826,0.61232567
32827,2.304292
32828,1.5602951
32829,2.8321233
32830,1.4953926
32831,2.1083996
32832,-3.4734366
32833,1.3936913
32834,2.3607328
32835,-0.92438114
32836,1.3381611
32837,-0.27704445
32838,-0.14061508
32839,-0.7772279
32840,-0.3252836
32841,-1.0743767
32842,-1.087664
32843,-0.9738208
32844,1.1061391
32845,0.43876904
32846,0.41459852
32847,1.1709578
32848,-1.0050832
32849,-0.7631484
32850,-1.2123686
32851,1.0603945
32852,-0.25966513
32853,0.53714275
32854,1.237088
32855,-0.79738116
32856,2.6168096
32857,2.513581
32858,0.013755828
32859,0.039048463
32860,1.7761552
32861,1.8444984
32862,2.7552621
32863,-1.1181116
32864,1.5378222
32865,1.1497805
32866,-0.91014254
32867,-0.968209
32868,-0.87096405
32869,1.8897095
32870,-0.629766
32871,2.5004609
32872,-0.68333876
32873,-0.9057342
32874,-0.76606035
32875,2.2517076
32876,-1.0649616
32877,2.1748617
32878,-0.4666095
32879,-1.1427252
32880,-0.6800939
32881,-1.2299178
32882,4.450614
32883,-0.22244105
32884,-0.6670811
32885,-0.51744723
32886,-1.0049236
32887,-0.47271985
32888,2.2211807
32889,1.1355076
32890,2.5255044
32891,-1.171425
32892,3.7946856
32893,-0.683761
32894,0.80117357
32895,-0.3212707
32896,-0.70842147
32897,1.8201369
32898,-1.4181169
32899,1.4085048
32900,-0.4449917
32901,-0.8354033
32902,-0.6645515
32903,0.58331597
32904,2.8344743
32905,0.72264266
32906,-0.53551555
32907,-0.30587047
32908,-0.8718209
32909,1.5737969
32910,2.2514231
32911,-0.8040397
32912,-0.38350645
32913,1.1867102
32914,3.0997539
32915,-2.013722
32916,2.9643438
32917,-0.7542311
32918,-1.3254979
32919,-0.53788865
32920,2.986624
32921,-0.61417544
32922,-0.35177106
32923,0.15718621
32924,-0.35477948
32925,2.5178459
32926,2.3327286
32927,12.568841
32928,1.378703
32929,-0.76291823
32930,3.4106936
32931,-0.118593365
32932,-1.0643475
32933,2.5815709
32934,-0.3237975
32935,-1.1077216
32936,2.289732
32937,-0.7256812
32938,0.38274318
32939,2.2489874
32940,-0.3932675
32941,-0.2793747
32942,-1.2528149
32943,2.0891516
32944,1.8693461
32945,2.3015258
32946,-0.6172956
32947,-0.9555304
32948,-0.92852163
32949,-1.6496365
32950,-0.8485737
32951,1.1039014
32952,-0.18246019
32953,2.6230912
32954,-0.97405124
32955,2.7867472
32956,0.9819728
32957,-0.62836456
32958,-0.50034916
32959,2.379586
32960,-0.27264118
32961,-1.0600355
32962,-1.504426
32963,-0.59637713
32964,-1.1557629
32965,-0.86654043
32966,-0.75317466
32967,1.7393371
32968,0.02436325
32969,-0.7030201
32970,1.2434864
32971,-1.1701591
32972,3.2045972
32973,0.30738005
32974,-0.110619664
32975,1.5621591
32976,2.5815098
32977,1.8711143
32978,-1.0869946
32979,-1.0457124
32980,0.14218259
32981,-1.1385132
32982,-0.3288897
32983,1.738211
32984,-0.74944305
32985,-1.1331558
32986,-1.0480059
32987,-1.0444682
32988,-0.81252205
32989,-1.131081
32990,1.287807
32991,1.6335193
32992,1.4223284
32993,0.28905553
32994,-1.3508098
32995,2.0736363
32996,1.1712018
32997,2.3330038
32998,1.6312182
32999,1.2158792
33000,1.9310341
33001,-0.5032939
33002,0.3717636
33003,2.6896503
33004,2.466142
33005,-1.3713741
33006,-0.8075793
33007,2.400361
33008,-0.50706613
33009,-1.002871
33010,1.1729695
33011,-1.6795361
33012,1.9842641
33013,1.2458358
33014,-1.5446314
33015,-0.75285816
33016,-0.54151607
33017,-0.81837225
33018,-1.179149
33019,2.2911723
33020,-1.301891
33021,-1.4784216
33022,2.463589
33023,0.2565126
33024,-0.69063425
33025,-0.94859684
33026,-1.128497
33027,-0.46992365
33028,3.1397111
33029,2.613176
33030,2.546314
33031,2.8166068
33032,-1.1140727
33033,-0.29866105
33034,2.5374825
33035,-1.2831448
33036,0.57510686
33037,1.3852828
33038,2.4362724
33039,2.907037
33040,1.1737685
33041,2.6740296
33042,2.560178
33043,-0.43295035
33044,-1.46411
33045,1.8499614
33046,1.7371541
33047,-1.3594604
33048,2.6462152
33049,-0.56872964
33050,2.0426095
33051,-0.8054279
33052,3.1540806
33053,2.9983487
33054,-0.55488753
33055,1.7644968
33056,-1.1459023
33057,1.328285
33058,2.1263893
33059,-0.9704447
33060,-1.0416086
33061,-0.5680399
33062,-1.5584995
33063,3.440566
33064,1.9964454
33065,-0.8609811
33066,1.6567888
33067,-0.8196434
33068,3.0643752
33069,1.2661891
33070,3.189897
33071,-0.40079463
33072,3.4265342
33073,-1.2312396
33074,-1.3279408
33075,2.3021562
33076,3.1350725
33077,2.0046325
33078,-0.9258146
33079,-1.1198715
33080,-0.10726842
33081,-1.7910856
33082,-1.0534056
33083,2.005847
33084,-1.135661
33085,1.7227985
33086,-0.67387927
33087,3.4297068
33088,-1.2040864
33089,-0.97682977
33090,-1.1312685
33091,-0.79194903
33092,1.4746633
33093,-1.1410515
33094,1.4003819
33095,1.6229211
33096,1.20754
33097,-0.75883555
33098,0.3067632
33099,1.6227648
33100,0.81754375
33101,-0.775715
33102,1.2667657
33103,-1.0944622
33104,-0.9651532
33105,2.7210815
33106,-0.32202372
33107,-0.6314913
33108,3.1478899
33109,1.1881347
33110,3.457842
33111,-1.3724599
33112,1.2886044
33113,-1.1208546
33114,-1.3759408
33115,1.8157251
33116,-1.276314
33117,2.4805996
33118,-0.98490083
33119,-1.0721283
33120,-1.3349144
33121,1.2556846
33122,-1.043141
33123,2.7281349
33124,-1.3023448
33125,-1.2215279
33126,-0.42925695
33127,3.031307
33128,2.861465
33129,-0.49671647
33130,2.6380422
33131,0.5532694
33132,2.932501
33133,-0.66906846
33134,-1.1706724
33135,-0.8744892
33136,1.6877782
33137,0.10901487
33138,-0.76320815
33139,-1.1653824
33140,1.4995742
33141,2.05081
33142,-1.4130805
33143,-0.8083595
33144,-0.46218738
33145,1.1683786
33146,2.6136177
33147,-1.3271307
33148,1.7642174
33149,-0.23835969
33150,0.80109966
33151,1.9470352
33152,1.8667259
33153,-1.5216174
33154,-0.77553725
33155,-1.0287946
33156,1.8270855
33157,1.1643758
33158,1.0777465
33159,1.9271262
33160,-1.1544868
33161,-0.31219718
33162,2.1523976
33163,-0.8799329
33164,4.395029
33165,-0.6983546
33166,1.0600833
33167,1.4672806
33168,-1.0106511
33169,2.4959025
33170,2.8437223
33171,-1.0909227
33172,-1.6406387
33173,-0.9793953
33174,-2.118581
33175,-1.1267142
33176,3.0750525
33177,1.5886626
33178,-0.39558804
33179,0.7610117
33180,-0.4807153
33181,-1.1644822
33182,-1.2231098
33183,2.2615325
33184,1.8597533
33185,1.0816642
33186,1.8524193
33187,-1.1709808
33188,2.0482001
33189,3.1893203
33190,-0.9953587
33191,1.96248
33192,2.7337592
33193,-1.0929464
33194,-1.0876325
33195,2.0148513
33196,-1.4143476
33197,-1.4071553
33198,-0.8773215
33199,-0.95834506
33200,-1.8231492
33201,2.9085543
33202,2.6137733
33203,2.6133635
33204,-1.1524689
33205,2.781896
33206,2.542452
33207,-1.0622675
33208,-0.2874082
33209,-0.92088175
33210,-1.1854591
33211,2.7666433
33212,0.121766
33213,1.9033275
33214,2.7426298
33215,0.076982886
33216,-1.1578243
33217,1.8784118
33218,-0.07695505
33219,-1.1049832
33220,-0.9390179
33221,1.6894939
33222,2.1272867
33223,1.6249967
33224,-1.1874279
33225,-1.8735024
33226,1.703208
33227,-1.4059534
33228,0.8239795
33229,-0.95322895
33230,-0.42942926
33231,1.9836843
33232,-0.5847933
33233,-1.1680593
33234,2.220002
33235,-1.3677477
33236,-1.3937073
33237,2.0410879
33238,-0.016993523
33239,1.6264025
33240,2.012212
33241,1.165014
33242,0.94067514
33243,-1.1831684
33244,2.9683745
33245,-0.8876976
33246,1.5042213
33247,3.3761394
33248,-0.5011105
33249,-1.1085095
33250,1.3542384
33251,-1.2845886
33252,1.866253
33253,0.6036546
33254,-0.118411064
33255,-0.45419726
33256,-1.201216
33257,-1.0918863
33258,-0.9361322
33259,3.11564
33260,2.8822625
33261,1.692539
33262,0.45922408
33263,0.9795619
33264,-0.5110351
33265,-0.5536548
33266,-0.54910815
33267,1.256713
33268,-1.1615701
33269,2.568034
33270,-0.76457214
33271,2.9469235
33272,-0.94371533
33273,4.759329
33274,-1.2106974
33275,0.6779165
33276,0.83958435
33277,-0.82187915
33278,2.3689854
33279,-0.7507175
33280,0.7296864
33281,2.2324038
33282,-1.189327
33283,1.5044498
33284,-1.1882704
33285,1.914813
33286,-0.82454324
33287,0.5281291
33288,-1.2485667
33289,1.7773311
33290,-0.59547365
33291,2.500748
33292,1.0290291
33293,-0.70670414
33294,-0.57808566
33295,-1.2100286
33296,2.7418754
33297,0.9329295
33298,1.3589833
33299,0.53083277
33300,1.5010163
33301,-1.1275066
33302,1.9032875
33303,1.5639405
33304,3.285247
33305,1.5066966
33306,1.2937617
33307,0.40519124
33308,1.4786752
33309,2.0123184
33310,-0.29622757
33311,0.70498013
33312,-0.33244097
33313,0.9588727
33314,-0.8024926
33315,-0.70478904
33316,4.0720553
33317,-1.1419022
33318,1.2982373
33319,1.7323048
33320,-1.170882
33321,2.7227147
33322,-0.41254833
33323,-0.76359415
33324,2.8236167
33325,-0.5528513
33326,-0.6451775
33327,2.5185807
33328,2.1856086
33329,-0.9839903
33330,-0.94297194
33331,-0.42836267
33332,0.49980143
33333,-0.9025316
33334,1.5150518
33335,-1.1364198
33336,-1.0851705
33337,-0.42424032
33338,2.4043872
33339,1.6004155
33340,2.9674723
33341,-0.39579126
33342,1.9851506
33343,2.3851025
33344,-1.1569533
33345,-0.5865524
33346,-0.2914957
33347,1.2479837
33348,3.025223
33349,1.2114891
33350,0.21707669
33351,2.5732038
33352,2.1957953
33353,-0.522617
33354,1.3283759
33355,0.870695
33356,-1.124169
33357,3.1370237
33358,-0.2872833
33359,-0.46891516
33360,-0.91053426
33361,-0.7366979
33362,1.4944185
33363,2.0460603
33364,2.0873072
33365,2.6267393
33366,2.1458595
33367,1.4590241
33368,0.60155725
33369,1.5900474
33370,2.8978884
33371,-0.6843071
33372,-1.2689064
33373,0.9185411
33374,-0.54906726
33375,-0.53519106
33376,2.2648456
33377,-0.92807555
33378,0.8145642
33379,0.6512215
33380,1.3966314
33381,-0.10846329
33382,-1.0464324
33383,-1.3294861
33384,2.2878551
33385,-0.8688024
33386,1.6821516
33387,2.6401894
33388,-1.246864
33389,-1.5042305
33390,3.5832372
33391,1.503798
33392,-0.61212885
33393,2.404361
33394,1.0487239
33395,-2.0168946
33396,1.7036568
33397,-0.4095695
33398,1.8680974
33399,1.3818009
33400,-0.5113487
33401,2.1979907
33402,1.7129874
33403,1.436914
33404,-1.4064077
33405,2.6802073
33406,1.7512927
33407,2.3274252
33408,4.6681767
33409,-1.1798121
33410,-0.61343396
33411,0.26053917
33412,-0.32464626
33413,1.8661337
33414,0.86661243
33415,-0.3285041
33416,-0.4983618
33417,1.1719837
33418,-0.22796053
33419,1.7518375
33420,-0.634038
33421,-0.85685897
33422,1.986557
33423,-0.90768933
33424,-0.81504667
33425,-0.90000546
33426,-0.74189353
33427,-0.2624488
33428,-0.9796941
33429,1.3379998
33430,0.85758674
33431,-0.44391677
33432,0.18773443
33433,1.3930632
33434,1.4057292
33435,1.9455748
33436,-1.8167008
33437,-0.96538854
33438,1.4019506
33439,-0.80784225
33440,1.268267
33441,2.304801
33442,0.7816534
33443,-0.4799615
33444,3.1231024
33445,-2.5620623
33446,1.8749704
33447,1.1413743
33448,-0.67583
33449,-0.35732618
33450,2.140722
33451,-0.58846223
33452,0.75161374
33453,1.6681052
33454,-0.83275497
33455,1.7497195
33456,-0.79468167
33457,0.9993689
33458,1.9007249
33459,0.87389755
33460,-2.5442982
33461,1.9381452
33462,0.91565466
33463,-0.11490139
33464,-0.6792878
33465,-0.11880484
33466,-0.9427179
33467,2.7190213
33468,3.3148704
33469,-0.5825012
33470,1.513238
33471,-0.52181125
33472,0.3664091
33473,2.4394739
33474,0.5947615
33475,2.887472
33476,1.6110612
33477,-0.86367273
33478,-1.3460897
33479,2.318064
33480,-0.87387073
33481,1.5838444
33482,-1.1261144
33483,2.6801841
33484,-1.0400623
33485,-0.5119641
33486,2.6901104
33487,-1.2047652
33488,2.0166023
33489,-0.92929804
33490,2.2206266
33491,-0.31923586
33492,1.1595945
33493,-0.38964918
33494,2.306103
33495,-0.21981147
33496,2.2572896
33497,-1.4208801
33498,-0.2483697
33499,2.0772693
33500,2.1132529
33501,-0.54200804
33502,0.91235435
33503,2.4598107
33504,-1.1416963
33505,2.3558567
33506,-1.234894
33507,-1.4296362
33508,-0.8217553
33509,3.198568
33510,-0.5418955
33511,2.4911246
33512,0.06114328
33513,1.8839628
33514,-0.62435126
33515,-0.97529554
33516,2.1874633
33517,4.7576227
33518,1.4374712
33519,1.0467606
33520,-2.4480019
33521,2.2058313
33522,-0.5208843
33523,2.1355517
33524,-0.3587987
33525,-1.07862
33526,2.5026264
33527,1.3846214
33528,2.8278654
33529,1.4066784
33530,-1.0926151
33531,0.19865683
33532,-1.1343967
33533,-0.6817
33534,0.39279377
33535,1.9900081
33536,1.6013228
33537,-0.29799777
33538,0.850307
33539,2.6238024
33540,-1.1309034
33541,0.9611355
33542,-1.120896
33543,0.5167557
33544,-1.0479455
33545,2.6859767
33546,-0.80426395
33547,2.4033384
33548,2.842991
33549,-0.9396992
33550,2.5139925
33551,1.8661277
33552,-0.6123495
33553,-0.83686006
33554,-1.0142183
33555,-0.5998621
33556,-0.2011308
33557,-0.7089927
33558,2.062116
33559,-1.0436859
33560,-0.2624255
33561,-0.39834037
33562,1.978308
33563,-1.112726
33564,1.2777803
33565,-0.99927926
33566,2.0408823
33567,1.6995589
33568,-0.10222563
33569,4.2430124
33570,-0.7590643
33571,1.271545
33572,1.8993709
33573,-0.64146245
33574,-0.30016688
33575,-1.0669544
33576,-0.32586768
33577,5.051364
33578,2.079911
33579,-1.3698231
33580,-1.3033916
33581,-0.983096
33582,1.2970432
33583,4.1207848
33584,-0.7278383
33585,-0.8259635
33586,-0.14863095
33587,1.5501378
33588,1.2993999
33589,2.0590544
33590,1.418466
33591,-2.252198
33592,1.2075948
33593,-1.0603738
33594,1.0305582
33595,1.4873616
33596,-0.5166847
33597,1.5863162
33598,-0.5124631
33599,-1.1185676
33600,-0.4852348
33601,-0.02499777
33602,0.2055353
33603,1.0730646
33604,1.2495201
33605,-0.86940944
33606,1.8208013
33607,-0.2669958
33608,1.7192091
33609,-0.94727325
33610,-0.6311263
33611,1.7221497
33612,1.5566039
33613,-1.0398905
33614,2.4339674
33615,-1.0485742
33616,-0.31822193
33617,0.37901655
33618,-1.2490764
33619,1.7739133
33620,3.1914196
33621,1.4953622
33622,2.068271
33623,-0.18764156
33624,3.0540893
33625,-0.66985905
33626,0.07628846
33627,1.6794369
33628,-1.326953
33629,0.67769027
33630,2.0103006
33631,-1.025685
33632,2.102801
33633,2.0934854
33634,1.6406384
33635,-0.9550142
33636,-1.0610905
33637,1.3903708
33638,1.6120609
33639,-0.16577995
33640,-1.1909641
33641,2.3737578
33642,-1.3405621
33643,2.3614805
33644,-1.0445617
33645,2.4762354
33646,1.9335742
33647,3.1590545
33648,-1.1146897
33649,-0.07729241
33650,-0.99440515
33651,2.548271
33652,-0.7102847
33653,-1.0886662
33654,-0.9809483
33655,-1.5574474
33656,0.99159145
33657,-0.6698421
33658,-0.6485039
33659,-0.9308553
33660,-0.9877938
33661,-0.9114865
33662,-0.49881402
33663,-1.1619304
33664,-1.7360252
33665,3.182379
33666,-0.12314573
33667,3.043077
33668,1.0247011
33669,-1.3404269
33670,-0.9359422
33671,3.3006127
33672,-0.6498668
33673,-2.1776884
33674,-0.5009066
33675,1.2766377
33676,3.90954
33677,1.4720712
33678,-0.7864051
33679,-1.3773022
33680,1.0619767
33681,-0.26682484
33682,-0.4402589
33683,0.55206573
33684,0.6258385
33685,-1.2376467
33686,1.7325377
33687,-0.9719316
33688,1.1105242
33689,-0.4302061
33690,-0.28671122
33691,-0.16543293
33692,1.7082009
33693,-0.8512374
33694,0.12599733
33695,2.5531073
33696,2.3480098
33697,-1.2088034
33698,0.45595923
33699,-0.32202044
33700,-1.8864738
33701,2.5234346
33702,-0.8872247
33703,-0.79631376
33704,-0.9314444
33705,-1.1408967
33706,1.122799
33707,1.9776313
33708,-1.3088806
33709,-0.8140825
33710,2.443165
33711,-1.8824179
33712,-1.2418748
33713,-0.03783068
33714,-1.4970394
33715,0.77146983
33716,-1.3177177
33717,3.3755953
33718,1.4266344
33719,2.405534
33720,-0.052988797
33721,-0.8641871
33722,1.3985617
33723,-0.3339268
33724,-0.9102783
33725,0.47872296
33726,2.3271484
33727,2.1150377
33728,2.0297744
33729,-0.78416944
33730,-0.35152078
33731,2.4446213
33732,-0.6189823
33733,-1.1299517
33734,-1.2062681
33735,-1.8949791
33736,0.7725736
33737,-1.0506568
33738,-0.92718005
33739,1.2438952
33740,1.0647191
33741,1.3258967
33742,1.0287502
33743,2.050266
33744,2.0319226
33745,-0.6289886
33746,-2.8395514
33747,-1.0401051
33748,2.7160635
33749,1.7757306
33750,-0.6576209
33751,1.9101477
33752,0.17038226
33753,1.2874148
33754,-0.9537178
33755,-0.5423677
33756,-1.3856477
33757,-0.41837496
33758,2.0572517
33759,1.0469993
33760,-0.2839325
33761,-0.87255716
33762,-1.1299452
33763,0.1768664
33764,-0.10806829
33765,2.3845005
33766,1.8646399
33767,-1.288928
33768,2.6862214
33769,1.9529945
33770,-1.2400209
33771,0.49713627
33772,1.8220284
33773,-0.8168491
33774,-1.241931
33775,3.081714
33776,-0.85261357
33777,-0.9701054
33778,2.939315
33779,2.4544716
33780,2.8552592
33781,2.2264333
33782,1.8793925
33783,-0.86039543
33784,0.7758304
33785,2.2509887
33786,1.420637
33787,-1.2998224
33788,1.8900169
33789,0.7943598
33790,1.897454
33791,-0.7156799
33792,0.8803364
33793,-1.0697569
33794,1.8140732
33795,3.2247765
33796,1.071505
33797,1.9437015
33798,0.77646804
33799,1.3495492
33800,-1.2576517
33801,1.3861496
33802,-0.118593305
